name:ID(strain_id),clade,gisaid_epi_isl,genbank_accession,date,:LABEL
Anhui/SZ005/2020,B,EPI_ISL_413485,,2020-01-24,Strain
Australia/NSW01/2020,B,EPI_ISL_407893,,2020-01-24,Strain
Australia/NSW02/2020,,EPI_ISL_408976,,2020-01-22,Strain
Australia/NSW03/2020,,EPI_ISL_408977,,2020-01-25,Strain
Australia/NSW05/2020,A3,EPI_ISL_412975,,2020-02-28,Strain
Australia/NSW06/2020,A3,EPI_ISL_413213,,2020-02-29,Strain
Australia/NSW07/2020,A3,EPI_ISL_413214,,2020-02-29,Strain
Australia/NSW08/2020,,EPI_ISL_413594,,2020-02-28,Strain
Australia/NSW09/2020,A3,EPI_ISL_413595,,2020-02-28,Strain
Australia/NSW10/2020,,EPI_ISL_413596,,2020-02-28,Strain
Australia/NSW11/2020,A3,EPI_ISL_413597,,2020-03-02,Strain
Australia/NSW12/2020,A3,EPI_ISL_413598,,2020-03-04,Strain
Australia/NSW13/2020,A3,EPI_ISL_413599,,2020-03-04,Strain
Australia/NSW14/2020,A3,EPI_ISL_413600,,2020-03-03,Strain
Australia/QLD01/2020,B4,EPI_ISL_407894,,2020-01-28,Strain
Australia/QLD02/2020,B4,EPI_ISL_407896,,2020-01-30,Strain
Australia/QLD03/2020,B4,EPI_ISL_410717,,2020-02-05,Strain
Australia/QLD04/2020,B4,EPI_ISL_410718,,2020-02-05,Strain
Australia/QLD09/2020,A3,EPI_ISL_414414,,2020-02-29,Strain
Australia/VIC01/2020,,EPI_ISL_406844,MT007544,2020-01-25,Strain
Australia/VIC02/2020,,EPI_ISL_416410,,2020-01-24,Strain
Australia/VIC03/2020,,EPI_ISL_416411,,2020-01-25,Strain
Australia/VIC04/2020,A3,EPI_ISL_416412,,2020-03-02,Strain
Australia/VIC05/2020,B1,EPI_ISL_416413,,2020-03-05,Strain
Australia/VIC06/2020,A3,EPI_ISL_416414,,2020-03-06,Strain
Australia/VIC07/2020,B4,EPI_ISL_416415,,2020-02-08,Strain
Beijing/105/2020,B,EPI_ISL_413518,,2020-01-26,Strain
Beijing/231/2020,B,EPI_ISL_413519,,2020-01-28,Strain
Beijing/233/2020,B,EPI_ISL_413520,,2020-01-28,Strain
Beijing/235/2020,B,EPI_ISL_413521,,2020-01-28,Strain
Beijing/IVDC-BJ-005/2020,,EPI_ISL_408485,,2020-01-18,Strain
Belgium/BA-02291/2020,A2a,EPI_ISL_415159,,2020-02-29,Strain
Belgium/BC-03016/2020,A2a,EPI_ISL_415157,,2020-03-01,Strain
Belgium/BM-03012/2020,A2a,EPI_ISL_415154,,2020-03-01,Strain
Belgium/GHB-03021/2020,B,EPI_ISL_407976,,2020-02-03,Strain
Belgium/QKJ-03015/2020,A2a,EPI_ISL_415158,,2020-03-01,Strain
Belgium/SH-03014/2020,A2a,EPI_ISL_415156,,2020-03-01,Strain
Belgium/VAG-03013/2020,A2a,EPI_ISL_415155,,2020-03-01,Strain
Belgium/VLM-03011/2020,A2a,EPI_ISL_415153,,2020-03-03,Strain
Brazil-RJ/314/2020,A2a,EPI_ISL_414045,,2020-03-04,Strain
Brazil/BA-312/2020,A2a,EPI_ISL_415105,,2020-03-04,Strain
Brazil/ES-225/2020,A1a,EPI_ISL_415128,,2020-02-29,Strain
Brazil/SPBR-01/2020,A2a,EPI_ISL_412964,,2020-02-25,Strain
Brazil/SPBR-02/2020,A1a,EPI_ISL_413016,MT126808,2020-02-28,Strain
Brazil/SPBR-03/2020,A2a,EPI_ISL_414014,,2020-03-02,Strain
Brazil/SPBR-04/2020,A2a,EPI_ISL_414017,,2020-03-04,Strain
Brazil/SPBR-05/2020,A2a,EPI_ISL_414016,,2020-02-29,Strain
Brazil/SPBR-06/2020,A2a,EPI_ISL_414015,,2020-02-29,Strain
Brazil/SPBR-07/2020,A2a,EPI_ISL_416028,,2020-03-03,Strain
Brazil/SPBR-08/2020,A2a,EPI_ISL_416029,,2020-03-04,Strain
Brazil/SPBR-09/2020,A2a,EPI_ISL_416031,,2020-03-04,Strain
Brazil/SPBR-10/2020,,EPI_ISL_416032,,2020-03-04,Strain
Brazil/SPBR-11/2020,,EPI_ISL_416033,,2020-03-03,Strain
Brazil/SPBR-12/2020,A2a,EPI_ISL_416034,,2020-03-04,Strain
Brazil/SPBR-13/2020,A2a,EPI_ISL_416035,,2020-03-05,Strain
Brazil/SPBR-14/2020,A2a,EPI_ISL_416036,,2020-03-05,Strain
Cambodia/0012/2020,,EPI_ISL_411902,,2020-01-27,Strain
Canada/BC_02421/2020,A3,EPI_ISL_415581,,2020-03-01,Strain
Canada/BC_13297/2020,A3,EPI_ISL_415578,,2020-02-27,Strain
Canada/BC_17397/2020,A3,EPI_ISL_415580,,2020-02-28,Strain
Canada/BC_25211/2020,A3,EPI_ISL_415579,,2020-03-02,Strain
Canada/BC_35720/2020,,EPI_ISL_415582,,2020-03-04,Strain
Canada/BC_37_0-2/2020,A3,EPI_ISL_412965,,2020-02-16,Strain
Canada/BC_40860/2020,,EPI_ISL_415583,,2020-03-03,Strain
Canada/BC_41851/2020,B1,EPI_ISL_415584,,2020-03-02,Strain
Canada/BC_64686/2020,B1,EPI_ISL_415586,,2020-03-05,Strain
Canada/BC_65034/2020,A3,EPI_ISL_415585,,2020-03-04,Strain
Canada/BC_66353/2020,A3,EPI_ISL_415587,,2020-03-04,Strain
Canada/BC_69243/2020,A3,EPI_ISL_415577,,2020-02-20,Strain
Canada/BC_78548/2020,A1a,EPI_ISL_415590,,2020-03-05,Strain
Canada/BC_83109/2020,B1,EPI_ISL_415588,,2020-03-05,Strain
Canada/BC_83163/2020,B1,EPI_ISL_415589,,2020-03-05,Strain
Canada/ON-PHL2445/2020,,EPI_ISL_413014,,2020-01-25,Strain
Canada/ON-VIDO-01/2020,,EPI_ISL_413015,,2020-01-23,Strain
Chile/Santiago-1/2020,B,EPI_ISL_414579,,2020-03-03,Strain
Chile/Santiago-2/2020,A2a,EPI_ISL_414580,,2020-03-05,Strain
Chile/Santiago_op2d1/2020,B,EPI_ISL_415658,,2020-03-06,Strain
Chile/Santiago_op3d1/2020,B,EPI_ISL_415660,,2020-03-07,Strain
Chile/Santiago_op4d1/2020,B,EPI_ISL_415661,,2020-03-08,Strain
Chile/Talca-1/2020,B,EPI_ISL_414577,,2020-03-02,Strain
Chile/Talca-2/2020,B,EPI_ISL_414578,,2020-03-04,Strain
China/IQTC01/2020,,EPI_ISL_412966,,2020-02-05,Strain
China/IQTC02/2020,,EPI_ISL_412967,,2020-01-29,Strain
China/Shanghai/SH0002,B4,EPI_ISL_416316,,2020-01-25,Strain
China/Shanghai/SH0003,B4,EPI_ISL_416317,,2020-01-25,Strain
China/Shanghai/SH0004,B2,EPI_ISL_416318,,2020-01-28,Strain
China/Shanghai/SH0005,B2,EPI_ISL_416319,,2020-01-28,Strain
China/Shanghai/SH0007,,EPI_ISL_416320,,2020-01-28,Strain
China/Shanghai/SH0008,,EPI_ISL_416321,,2020-01-28,Strain
China/Shanghai/SH0009,B,EPI_ISL_416322,,2020-01-29,Strain
China/Shanghai/SH0010,B,EPI_ISL_416323,,2020-01-29,Strain
China/Shanghai/SH0011,,EPI_ISL_416324,,2020-01-29,Strain
China/Shanghai/SH0012,,EPI_ISL_416325,,2020-02-02,Strain
China/Shanghai/SH0013,B,EPI_ISL_416326,,2020-01-30,Strain
China/Shanghai/SH0014,A2,EPI_ISL_416327,,2020-01-28,Strain
China/Shanghai/SH0017,B,EPI_ISL_416328,,2020-02-01,Strain
China/Shanghai/SH0020,,EPI_ISL_416329,,2020-02-01,Strain
China/Shanghai/SH0021,B,EPI_ISL_416330,,2020-02-02,Strain
China/Shanghai/SH0022,A3,EPI_ISL_416331,,2020-01-30,Strain
China/Shanghai/SH0023,A3,EPI_ISL_416332,,2020-01-30,Strain
China/Shanghai/SH0024,B,EPI_ISL_416333,,2020-01-30,Strain
China/Shanghai/SH0025,A2,EPI_ISL_416334,,2020-02-06,Strain
China/Shanghai/SH0026,B,EPI_ISL_416335,,2020-02-02,Strain
China/Shanghai/SH0027,,EPI_ISL_416336,,2020-02-01,Strain
China/Shanghai/SH0028,,EPI_ISL_416337,,2020-02-04,Strain
China/Shanghai/SH0029,B,EPI_ISL_416338,,2020-02-01,Strain
China/Shanghai/SH0030,B,EPI_ISL_416339,,2020-02-03,Strain
China/Shanghai/SH0031,,EPI_ISL_416340,,2020-02-02,Strain
China/Shanghai/SH0032,B,EPI_ISL_416341,,2020-02-01,Strain
China/Shanghai/SH0033,,EPI_ISL_416342,,2020-02-04,Strain
China/Shanghai/SH0034,B,EPI_ISL_416343,,2020-02-04,Strain
China/Shanghai/SH0035,B4,EPI_ISL_416344,,2020-01-30,Strain
China/Shanghai/SH0036,,EPI_ISL_416345,,2020-02-04,Strain
China/Shanghai/SH0037,,EPI_ISL_416346,,2020-01-30,Strain
China/Shanghai/SH0038,,EPI_ISL_416347,,2020-02-06,Strain
China/Shanghai/SH0039,,EPI_ISL_416348,,2020-02-06,Strain
China/Shanghai/SH0040,,EPI_ISL_416349,,2020-01-30,Strain
China/Shanghai/SH0041,B,EPI_ISL_416350,,2020-01-29,Strain
China/Shanghai/SH0042,,EPI_ISL_416351,,2020-02-06,Strain
China/Shanghai/SH0043,B,EPI_ISL_416352,,2020-01-30,Strain
China/Shanghai/SH0044,,EPI_ISL_416353,,2020-02-04,Strain
China/Shanghai/SH0045,,EPI_ISL_416354,,2020-02-04,Strain
China/Shanghai/SH0047,,EPI_ISL_416355,,2020-02-04,Strain
China/Shanghai/SH0048,,EPI_ISL_416356,,2020-02-01,Strain
China/Shanghai/SH0049,B,EPI_ISL_416357,,2020-02-01,Strain
China/Shanghai/SH0050,,EPI_ISL_416358,,2020-02-05,Strain
China/Shanghai/SH0051,,EPI_ISL_416359,,2020-02-06,Strain
China/Shanghai/SH0052,,EPI_ISL_416360,,2020-02-01,Strain
China/Shanghai/SH0053,,EPI_ISL_416361,,2020-02-01,Strain
China/Shanghai/SH0054,,EPI_ISL_416362,,2020-02-02,Strain
China/Shanghai/SH0055,,EPI_ISL_416363,,2020-02-08,Strain
China/Shanghai/SH0056,,EPI_ISL_416364,,2020-02-08,Strain
China/Shanghai/SH0058,,EPI_ISL_416365,,2020-01-30,Strain
China/Shanghai/SH0059,B2,EPI_ISL_416366,,2020-01-30,Strain
China/Shanghai/SH0060,,EPI_ISL_416367,,2020-02-01,Strain
China/Shanghai/SH0065,B,EPI_ISL_416368,,2020-02-05,Strain
China/Shanghai/SH0066,,EPI_ISL_416369,,2020-02-05,Strain
China/Shanghai/SH0067,,EPI_ISL_416370,,2020-02-01,Strain
China/Shanghai/SH0068,,EPI_ISL_416371,,2020-02-05,Strain
China/Shanghai/SH0069,B,EPI_ISL_416372,,2020-02-01,Strain
China/Shanghai/SH0070,A3,EPI_ISL_416373,,2020-02-07,Strain
China/Shanghai/SH0071,,EPI_ISL_416374,,2020-02-07,Strain
China/Shanghai/SH0072,,EPI_ISL_416375,,2020-02-01,Strain
China/Shanghai/SH0073,,EPI_ISL_416376,,2020-02-05,Strain
China/Shanghai/SH0074,B2,EPI_ISL_416377,,2020-02-07,Strain
China/Shanghai/SH0075,B,EPI_ISL_416378,,2020-01-30,Strain
China/Shanghai/SH0076,,EPI_ISL_416379,,2020-02-01,Strain
China/Shanghai/SH0077,,EPI_ISL_416380,,2020-02-09,Strain
China/Shanghai/SH0079,B,EPI_ISL_416381,,2020-02-01,Strain
China/Shanghai/SH0080,A3,EPI_ISL_416382,,2020-02-08,Strain
China/Shanghai/SH0081,A3,EPI_ISL_416383,,2020-02-01,Strain
China/Shanghai/SH0083,,EPI_ISL_416384,,2020-02-04,Strain
China/Shanghai/SH0085,,EPI_ISL_416385,,2020-01-30,Strain
China/Shanghai/SH0086,A2,EPI_ISL_416386,,2020-01-31,Strain
China/Shanghai/SH0088,,EPI_ISL_416387,,2020-02-01,Strain
China/Shanghai/SH0091,,EPI_ISL_416388,,2020-02-05,Strain
China/Shanghai/SH0093,,EPI_ISL_416389,,2020-01-21,Strain
China/Shanghai/SH0094,,EPI_ISL_416390,,2020-01-31,Strain
China/Shanghai/SH0098,,EPI_ISL_416391,,2020-02-02,Strain
China/Shanghai/SH0100,B,EPI_ISL_416392,,2020-02-02,Strain
China/Shanghai/SH0101,,EPI_ISL_416393,,2020-02-09,Strain
China/Shanghai/SH0102,,EPI_ISL_416394,,2020-02-14,Strain
China/Shanghai/SH0104,,EPI_ISL_416395,,2020-02-09,Strain
China/Shanghai/SH0106,,EPI_ISL_416396,,2020-02-10,Strain
China/Shanghai/SH0107,,EPI_ISL_416397,,2020-02-02,Strain
China/Shanghai/SH0109,,EPI_ISL_416398,,2020-02-02,Strain
China/Shanghai/SH0110,,EPI_ISL_416399,,2020-02-13,Strain
China/Shanghai/SH0112,,EPI_ISL_416400,,2020-02-02,Strain
China/Shanghai/SH0114,,EPI_ISL_416401,,2020-02-02,Strain
China/Shanghai/SH0115,B,EPI_ISL_416402,,2020-02-11,Strain
China/Shanghai/SH0117,B4,EPI_ISL_416403,,2020-02-02,Strain
China/Shanghai/SH0119,,EPI_ISL_416404,,2020-02-09,Strain
China/Shanghai/SH0121,,EPI_ISL_416405,,2020-02-02,Strain
China/Shanghai/SH0125,A3,EPI_ISL_416406,,2020-02-15,Strain
China/Shanghai/SH0126,A3,EPI_ISL_416407,,2020-02-15,Strain
China/Shanghai/SH0127,,EPI_ISL_416408,,2020-02-12,Strain
China/Shanghai/SH0128,B,EPI_ISL_416409,,2020-02-02,Strain
China/WF0001/2020,,EPI_ISL_413691,,2020-01-XX,Strain
China/WF0002/2020,,EPI_ISL_413692,,2020-01-XX,Strain
China/WF0003/2020,,EPI_ISL_413693,,2020-01-XX,Strain
China/WF0004/2020,,EPI_ISL_413694,,2020-01-XX,Strain
China/WF0006/2020,,EPI_ISL_413695,,2020-01-XX,Strain
China/WF0009/2020,,EPI_ISL_413696,,2020-01-XX,Strain
China/WF0012/2020,,EPI_ISL_413697,,2020-02-XX,Strain
China/WF0014/2020,,EPI_ISL_413711,,2020-02-XX,Strain
China/WF0015/2020,,EPI_ISL_413729,,2020-02-XX,Strain
China/WF0016/2020,,EPI_ISL_413746,,2020-02-XX,Strain
China/WF0017/2020,,EPI_ISL_413747,,2020-02-XX,Strain
China/WF0018/2020,,EPI_ISL_413748,,2020-02-XX,Strain
China/WF0019/2020,,EPI_ISL_413749,,2020-02-XX,Strain
China/WF0020/2020,,EPI_ISL_413750,,2020-02-XX,Strain
China/WF0021/2020,,EPI_ISL_413751,,2020-02-XX,Strain
China/WF0023/2020,,EPI_ISL_413752,,2020-02-XX,Strain
China/WF0024/2020,,EPI_ISL_413753,,2020-02-XX,Strain
China/WF0026/2020,,EPI_ISL_413761,,2020-02-XX,Strain
China/WF0028/2020,,EPI_ISL_413791,,2020-02-XX,Strain
China/WF0029/2020,,EPI_ISL_413809,,2020-02-XX,Strain
China/WH-09/2020,,EPI_ISL_411957,MT093631,2020-01-08,Strain
China/WHU01/2020,,EPI_ISL_406716,MN988668,2020-01-02,Strain
China/WHU02/2020,,EPI_ISL_406717,MN988669,2020-01-02,Strain
Chongqing/IVDC-CQ-001/2020,,EPI_ISL_408481,,2020-01-18,Strain
Chongqing/YC01/2020,B1,EPI_ISL_408478,,2020-01-21,Strain
Chongqing/ZX01/2020,,EPI_ISL_408479,,2020-01-23,Strain
Congo/KN-13/2020,A2a,EPI_ISL_414647,,2020-03-09,Strain
CzechRepublic/951/2020,A2a,EPI_ISL_414477,,2020-03-01,Strain
Denmark/SSI-05/2020,A2a,EPI_ISL_416140,,2020-03-02,Strain
Denmark/SSI-09/2020,A2a,EPI_ISL_416141,,2020-03-03,Strain
Denmark/SSI-101/2020,A2a,EPI_ISL_415646,,2020-03-03,Strain
Denmark/SSI-102/2020,A2a,EPI_ISL_415647,,2020-03-03,Strain
Denmark/SSI-104/2020,A2a,EPI_ISL_415648,,2020-03-03,Strain
England/01/2020,B,EPI_ISL_407071,,2020-01-29,Strain
England/02/2020,B,EPI_ISL_407073,,2020-01-29,Strain
England/09c/2020,A1a,EPI_ISL_412116,,2020-02-09,Strain
England/200641094/2020,,EPI_ISL_414040,,2020-02-05,Strain
England/200690245/2020,,EPI_ISL_414041,,2020-02-08,Strain
England/200690300/2020,,EPI_ISL_414042,,2020-02-08,Strain
England/200690306/2020,,EPI_ISL_414043,,2020-02-07,Strain
England/200690756/2020,,EPI_ISL_414044,,2020-02-08,Strain
England/200940527/2020,A1a,EPI_ISL_414005,,2020-02-25,Strain
England/200960041/2020,A3,EPI_ISL_414008,,2020-02-27,Strain
England/200960515/2020,A1a,EPI_ISL_414009,,2020-02-25,Strain
England/200981386/2020,A2a,EPI_ISL_414010,,2020-02-26,Strain
England/200990002/2020,A3,EPI_ISL_414522,,2020-02-28,Strain
England/200990006/2020,A1a,EPI_ISL_414011,,2020-02-26,Strain
England/20099038206/2020,A2a,EPI_ISL_415129,,2020-02-29,Strain
England/200990660/2020,A2a,EPI_ISL_414523,,2020-02-27,Strain
England/200990723/2020,A2a,EPI_ISL_414012,,2020-02-27,Strain
England/200990724/2020,A1a,EPI_ISL_414006,,2020-02-28,Strain
England/200990725/2020,A1a,EPI_ISL_414007,,2020-02-28,Strain
England/20099079106/2020,A1a,EPI_ISL_415130,,2020-03-01,Strain
England/20099107406/2020,A2a,EPI_ISL_415131,,2020-02-29,Strain
England/200991076/2020,A2a,EPI_ISL_414524,,2020-03-01,Strain
England/201000003/2020,,EPI_ISL_414013,,2020-03-01,Strain
England/20100001406/2020,A1a,EPI_ISL_415132,,2020-02-28,Strain
England/20100004706/2020,A2a,EPI_ISL_415133,,2020-02-29,Strain
England/20100004806/2020,A2a,EPI_ISL_415134,,2020-02-29,Strain
England/20100005406/2020,A2a,EPI_ISL_415135,,2020-02-28,Strain
England/20100022706/2020,A2a,EPI_ISL_415136,,2020-02-29,Strain
England/20100023206/2020,A3,EPI_ISL_415137,,2020-03-02,Strain
England/20100024006/2020,A2a,EPI_ISL_415138,,2020-03-02,Strain
England/20100077906/2020,A1a,EPI_ISL_415139,,2020-03-01,Strain
England/20100121006/2020,A2a,EPI_ISL_415140,,2020-02-29,Strain
England/20100121007/2020,A2a,EPI_ISL_415141,,2020-02-29,Strain
England/20100122106/2020,A1a,EPI_ISL_415142,,2020-03-02,Strain
England/20100122107/2020,A1a,EPI_ISL_415143,,2020-03-02,Strain
England/20102000106/2020,A1a,EPI_ISL_415144,,2020-02-27,Strain
England/20102000206/2020,A2a,EPI_ISL_415145,,2020-03-01,Strain
England/20102000306/2020,A2a,EPI_ISL_415146,,2020-03-01,Strain
England/20102000506/2020,A2a,EPI_ISL_415147,,2020-03-01,Strain
England/20102000906/2020,,EPI_ISL_415148,,2020-03-03,Strain
England/20102068506/2020,A1a,EPI_ISL_415149,,2020-03-01,Strain
England/201040081/2020,A2a,EPI_ISL_414525,,2020-03-02,Strain
England/201040141/2020,A2a,EPI_ISL_414526,,2020-03-03,Strain
England/20110003506/2020,A2a,EPI_ISL_415150,,2020-03-09,Strain
England/Sheff01/2020,A6,EPI_ISL_414500,,2020-03-04,Strain
England/Sheff02/2020,,EPI_ISL_414501,,2020-03-03,Strain
Finland/1/2020,,EPI_ISL_407079,MT020781,2020-01-29,Strain
Finland/FIN-114/2020,A2,EPI_ISL_414640,,2020-03-01,Strain
Finland/FIN-25/2020,A2a,EPI_ISL_412971,,2020-02-25,Strain
Finland/FIN-266/2020,A2a,EPI_ISL_414646,,2020-03-04,Strain
Finland/FIN-274/2020,A1a,EPI_ISL_414645,,2020-03-04,Strain
Finland/FIN-313/2020,A2a,EPI_ISL_414641,,2020-03-05,Strain
Finland/FIN-318/2020,A2a,EPI_ISL_414644,,2020-03-04,Strain
Finland/FIN-455/2020,A2a,EPI_ISL_414642,,2020-03-08,Strain
Finland/FIN-508/2020,A2a,EPI_ISL_414643,,2020-03-07,Strain
Finland/FIN01032020/2020,A1a,EPI_ISL_413605,,2020-03-01,Strain
Finland/FIN03032020A/2020,A2a,EPI_ISL_413602,,2020-03-03,Strain
Finland/FIN03032020B/2020,A1a,EPI_ISL_413603,,2020-03-03,Strain
Finland/FIN03032020C/2020,A2a,EPI_ISL_413604,,2020-03-03,Strain
Foshan/20SF207/2020,,EPI_ISL_406534,,2020-01-22,Strain
Foshan/20SF210/2020,,EPI_ISL_406535,,2020-01-22,Strain
Foshan/20SF211/2020,,EPI_ISL_406536,,2020-01-22,Strain
France/BFC2094/2020,A2a,EPI_ISL_415651,,2020-03-05,Strain
France/BFC2147/2020,A2a,EPI_ISL_415652,,2020-03-05,Strain
France/GE1583/2020,B,EPI_ISL_414623,,2020-02-25,Strain
France/GE1973/2020,A2a,EPI_ISL_414631,,2020-03-04,Strain
France/GE1977/2020,A2a,EPI_ISL_414632,,2020-03-04,Strain
France/HF1684/2020,A2a,EPI_ISL_414626,,2020-02-29,Strain
France/HF1795/2020,A2a,EPI_ISL_414627,,2020-03-02,Strain
France/HF1805/2020,A2a,EPI_ISL_414628,,2020-03-02,Strain
France/HF1870/2020,A2a,EPI_ISL_414629,,2020-03-03,Strain
France/HF1871/2020,A2a,EPI_ISL_414630,,2020-03-03,Strain
France/HF1986/2020,A2a,EPI_ISL_414634,,2020-03-04,Strain
France/HF1988/2020,A2a,EPI_ISL_414635,,2020-03-04,Strain
France/HF1989/2020,A2a,EPI_ISL_414636,,2020-03-04,Strain
France/HF1993/2020,A2a,EPI_ISL_414637,,2020-03-04,Strain
France/HF1995/2020,A2a,EPI_ISL_414638,,2020-03-04,Strain
France/HF2039/2020,A2a,EPI_ISL_415649,,2020-03-05,Strain
France/HF2151/2020,A2a,EPI_ISL_415653,,2020-03-08,Strain
France/HF2174/2020,A2a,EPI_ISL_415654,,2020-03-09,Strain
France/IDF0372-isl/2020,,EPI_ISL_410720,,2020-01-23,Strain
France/IDF0372/2020,,EPI_ISL_406596,,2020-01-23,Strain
France/IDF0373/2020,,EPI_ISL_406597,,2020-01-23,Strain
France/IDF0386-islP1/2020,,EPI_ISL_411219,,2020-01-28,Strain
France/IDF0386-islP3/2020,,EPI_ISL_411220,,2020-01-28,Strain
France/IDF0515-isl/2020,,EPI_ISL_410984,,2020-01-29,Strain
France/IDF0515/2020,,EPI_ISL_408430,,2020-01-29,Strain
France/IDF0571/2020,,EPI_ISL_411218,,2020-02-02,Strain
France/IDF0626/2020,,EPI_ISL_408431,,2020-01-29,Strain
France/IDF1980/2020,A2a,EPI_ISL_414633,,2020-03-04,Strain
France/IDF2075/2020,A2a,EPI_ISL_415650,,2020-03-02,Strain
France/N1620/2020,A2a,EPI_ISL_414624,,2020-02-26,Strain
France/PL1643/2020,A2a,EPI_ISL_414625,,2020-02-26,Strain
France/RA739/2020,,EPI_ISL_410486,,2020-02-08,Strain
Fujian/13/2020,,EPI_ISL_411066,,2020-01-22,Strain
Fujian/8/2020,B1,EPI_ISL_411060,,2020-01-21,Strain
Georgia/Tb-468/2020,A1a,EPI_ISL_415643,,2020-03-10,Strain
Georgia/Tb-477/2020,A2a,EPI_ISL_415642,,2020-03-10,Strain
Georgia/Tb-54/2020,A1a,EPI_ISL_415641,,2020-02-27,Strain
Georgia/Tb-82/2020,A3,EPI_ISL_415644,,2020-02-28,Strain
Germany/Baden-Wuerttemberg-1/2020,A2a,EPI_ISL_412912,,2020-02-25,Strain
Germany/BavPat1/2020,A2,EPI_ISL_406862,,2020-01-28,Strain
Germany/BavPat2/2020,A3,EPI_ISL_414520,,2020-03-02,Strain
Germany/BavPat3/2020,B2,EPI_ISL_414521,,2020-03-02,Strain
Germany/NRW-01/2020,,EPI_ISL_413488,,2020-02-28,Strain
Germany/NRW-011/2020,A2a,EPI_ISL_414507,,2020-03-03,Strain
Germany/NRW-02-1/2020,,EPI_ISL_414497,,2020-02-25,Strain
Germany/NRW-03/2020,,EPI_ISL_414498,,2020-02-26,Strain
Germany/NRW-04/2020,,EPI_ISL_414499,,2020-02-26,Strain
Germany/NRW-05/2020,,EPI_ISL_414504,,2020-02-26,Strain
Germany/NRW-06/2020,,EPI_ISL_414505,,2020-02-27,Strain
Germany/NRW-07/2020,,EPI_ISL_414506,,2020-02-27,Strain
Germany/NRW-08/2020,,EPI_ISL_414508,,2020-02-27,Strain
Germany/NRW-09/2020,,EPI_ISL_414509,,2020-02-28,Strain
Germany/NRW-10/2020,,EPI_ISL_414574,,2020-02-28,Strain
Guangdong/2020XN4239-P0034/2020,,EPI_ISL_413888,,2020-01-30,Strain
Guangdong/2020XN4243-P0035/2020,B4,EPI_ISL_413853,,2020-01-30,Strain
Guangdong/2020XN4273-P0036/2020,B,EPI_ISL_413860,,2020-01-30,Strain
Guangdong/2020XN4276-P0037/2020,B2,EPI_ISL_413859,,2020-01-31,Strain
Guangdong/2020XN4291-P0038/2020,B2,EPI_ISL_413889,,2020-01-30,Strain
Guangdong/2020XN4373-P0039/2020,,EPI_ISL_413851,,2020-01-30,Strain
Guangdong/2020XN4433-P0040/2020,,EPI_ISL_413852,,2020-01-30,Strain
Guangdong/2020XN4448-P0002/2020,,EPI_ISL_413857,,2020-01-31,Strain
Guangdong/2020XN4459-P0041/2020,B,EPI_ISL_413858,,2020-01-30,Strain
Guangdong/2020XN4475-P0042/2020,B,EPI_ISL_413854,,2020-01-30,Strain
Guangdong/20SF012/2020,B2,EPI_ISL_403932,,2020-01-14,Strain
Guangdong/20SF013/2020,B2,EPI_ISL_403933,,2020-01-15,Strain
Guangdong/20SF014/2020,,EPI_ISL_403934,,2020-01-15,Strain
Guangdong/20SF025/2020,B2,EPI_ISL_403935,,2020-01-15,Strain
Guangdong/20SF028/2020,,EPI_ISL_403936,,2020-01-17,Strain
Guangdong/20SF040/2020,,EPI_ISL_403937,,2020-01-18,Strain
Guangdong/20SF174/2020,,EPI_ISL_406531,,2020-01-22,Strain
Guangdong/20SF201/2020,,EPI_ISL_406538,,2020-01-23,Strain
Guangdong/DG-S2-P0054/2020,,EPI_ISL_413894,,2020-02-28,Strain
Guangdong/DG-S41-P0056/2020,A3,EPI_ISL_413896,,2020-02-28,Strain
Guangdong/DG-S6-P0055/2020,,EPI_ISL_413895,,2020-02-28,Strain
Guangdong/DG-S9-P0045/2020,,EPI_ISL_413868,,2020-02-28,Strain
Guangdong/FS-S29-P0051/2020,,EPI_ISL_413891,,2020-02-28,Strain
Guangdong/FS-S30-P0052/2020,B,EPI_ISL_413892,,2020-02-28,Strain
Guangdong/FS-S34-P0015/2020,,EPI_ISL_413890,,2020-02-28,Strain
Guangdong/FS-S42-P0046/2020,,EPI_ISL_413869,,2020-02-28,Strain
Guangdong/FS-S48-P0047/2020,,EPI_ISL_413870,,2020-02-28,Strain
Guangdong/FS-S50-P0053/2020,,EPI_ISL_413893,,2020-02-28,Strain
Guangdong/GD2020012-P0022/2020,,EPI_ISL_413886,,2020-02-01,Strain
Guangdong/GD2020016-P0011/2020,,EPI_ISL_413885,,2020-02-01,Strain
Guangdong/GD2020080-P0010/2020,,EPI_ISL_413861,,2020-02-01,Strain
Guangdong/GD2020085-P0043/2020,,EPI_ISL_413887,,2020-02-01,Strain
Guangdong/GD2020086-P0021/2020,B1,EPI_ISL_413862,,2020-02-01,Strain
Guangdong/GD2020087-P0008/2020,,EPI_ISL_413863,,2020-02-01,Strain
Guangdong/GD2020115-P0009/2020,,EPI_ISL_413884,,2020-02-01,Strain
Guangdong/GD2020134-P0031/2020,,EPI_ISL_413883,,2020-02-02,Strain
Guangdong/GD2020139-P0007/2020,,EPI_ISL_413882,,2020-02-02,Strain
Guangdong/GD2020227-P0029/2020,,EPI_ISL_413880,,2020-02-05,Strain
Guangdong/GD2020233-P0027/2020,B,EPI_ISL_413856,,2020-02-07,Strain
Guangdong/GD2020234-P0023/2020,B1,EPI_ISL_413855,,2020-02-07,Strain
Guangdong/GD2020241-P0013/2020,,EPI_ISL_413877,,2020-02-09,Strain
Guangdong/GD2020246-P0028/2020,,EPI_ISL_413864,,2020-02-09,Strain
Guangdong/GD2020258-P0018/2020,,EPI_ISL_413878,,2020-02-09,Strain
Guangdong/GDFS2020052-P0025/2020,,EPI_ISL_413875,,2020-02-10,Strain
Guangdong/GDFS2020054-P0005/2020,,EPI_ISL_413850,,2020-02-10,Strain
Guangdong/GDFS2020056-P0044/2020,,EPI_ISL_413876,,2020-02-10,Strain
Guangdong/GDFS2020127-P0026/2020,,EPI_ISL_413874,,2020-02-12,Strain
Guangdong/GDSZ202004-P0004/2020,,EPI_ISL_413879,,2020-02-05,Strain
Guangdong/GDSZ202008-P0020/2020,,EPI_ISL_413866,,2020-02-05,Strain
Guangdong/GDSZ202009-P0032/2020,,EPI_ISL_413881,,2020-02-05,Strain
Guangdong/GDSZ202013-P0014/2020,,EPI_ISL_413865,,2020-02-05,Strain
Guangdong/GDSZ202015-P0019/2020,B,EPI_ISL_413867,,2020-02-05,Strain
Guangdong/GZ-S6-P0050/2020,B,EPI_ISL_413873,,2020-02-28,Strain
Guangdong/JM-S1-P0062/2020,,EPI_ISL_413902,,2020-02-28,Strain
Guangdong/MM-S1-P0048/2020,,EPI_ISL_413871,,2020-02-28,Strain
Guangdong/SZ-N128-P0057/2020,B2,EPI_ISL_413897,,2020-02-28,Strain
Guangdong/SZ-N59-P0049/2020,,EPI_ISL_413872,,2020-02-28,Strain
Guangdong/ZH-N22-P0059/2020,,EPI_ISL_413899,,2020-02-28,Strain
Guangdong/ZH-S33-P0058/2020,,EPI_ISL_413898,,2020-02-28,Strain
Guangdong/ZQ-S2-P0061/2020,,EPI_ISL_413901,,2020-02-28,Strain
Guangdong/ZS-S6-P0060/2020,B,EPI_ISL_413900,,2020-02-28,Strain
Guangzhou/20SF206/2020,,EPI_ISL_406533,,2020-01-22,Strain
Guangzhou/GZMU0014/2020,,EPI_ISL_414692,,2020-02-25,Strain
Guangzhou/GZMU0016/2020,,EPI_ISL_414663,,2020-02-25,Strain
Guangzhou/GZMU0030/2020,,EPI_ISL_414686,,2020-02-27,Strain
Guangzhou/GZMU0031/2020,,EPI_ISL_414687,,2020-02-25,Strain
Guangzhou/GZMU0042/2020,B2,EPI_ISL_414688,,2020-02-25,Strain
Guangzhou/GZMU0044/2020,B,EPI_ISL_414689,,2020-02-25,Strain
Guangzhou/GZMU0047/2020,,EPI_ISL_414690,,2020-02-25,Strain
Guangzhou/GZMU0048/2020,B,EPI_ISL_414691,,2020-02-25,Strain
Hangzhou/HZ-1/2020,,EPI_ISL_406970,MT039873,2020-01-20,Strain
Hangzhou/HZCDC0001/2020,,EPI_ISL_407313,,2020-01-19,Strain
Hangzhou/ZJU-01/2020,A1a,EPI_ISL_415709,,2020-01-25,Strain
Hangzhou/ZJU-02/2020,B,EPI_ISL_416042,,2020-01-26,Strain
Hangzhou/ZJU-03/2020,,EPI_ISL_416044,,2020-01-25,Strain
Hangzhou/ZJU-04/2020,,EPI_ISL_416046,,2020-01-24,Strain
Hangzhou/ZJU-05/2020,,EPI_ISL_415711,,2020-01-22,Strain
Hangzhou/ZJU-06/2020,,EPI_ISL_416047,,2020-02-02,Strain
Hangzhou/ZJU-07/2020,,EPI_ISL_416425,,2020-02-03,Strain
Hefei/2/2020,,EPI_ISL_412026,,2020-02-23,Strain
Henan/IVDC-HeN-002/2020,,EPI_ISL_408487,,2020-01-20,Strain
HongKong/CUHK1/2020,,EPI_ISL_416314,,2020-02-07,Strain
HongKong/CUHK2/2020,,EPI_ISL_416315,,2020-02-19,Strain
HongKong/VB20024950/2020,,EPI_ISL_412029,,2020-01-30,Strain
HongKong/VB20026565/2020,,EPI_ISL_412030,,2020-02-01,Strain
HongKong/VM20001061/2020,B,EPI_ISL_412028,,2020-01-22,Strain
HongKong/case42_VM20002493/2020,,EPI_ISL_414527,,2020-02-09,Strain
HongKong/case48_VM20002507/2020,,EPI_ISL_414528,,2020-02-10,Strain
HongKong/case49_VM20002508/2020,,EPI_ISL_414567,,2020-02-10,Strain
HongKong/case52_VM20002582/2020,,EPI_ISL_414569,,2020-02-12,Strain
HongKong/case78_VM20002849/2020,,EPI_ISL_414571,,2020-02-22,Strain
HongKong/case85_VM20002868/2020,,EPI_ISL_414519,,2020-02-24,Strain
HongKong/case90_VM20002907/2020,,EPI_ISL_414517,,2020-02-25,Strain
Hungary/mbl1/2020,A2a,EPI_ISL_416426,,2020-03-17,Strain
India/1-27/2020,,EPI_ISL_413522,,2020-01-27,Strain
India/1-31/2020,B,EPI_ISL_413523,,2020-01-31,Strain
Ireland/COR-20134/2020,,EPI_ISL_414487,,2020-03-04,Strain
Ireland/Dublin-19072/2020,A2a,EPI_ISL_414584,,2020-03-02,Strain
Ireland/Limerick-19933/2020,A2a,EPI_ISL_414585,,2020-03-03,Strain
Ireland/Limerick-19934/2020,A2a,EPI_ISL_414586,,2020-03-03,Strain
Ireland/Limerick-19935/2020,A2a,EPI_ISL_414587,,2020-03-03,Strain
Italy/CDG1/2020,A2a,EPI_ISL_412973,,2020-02-20,Strain
Italy/INMI1-cs/2020,A1a,EPI_ISL_410546,,2020-01-29,Strain
Italy/INMI1-isl/2020,,EPI_ISL_410545,,2020-01-29,Strain
Italy/SPL1/2020,A1a,EPI_ISL_412974,,2020-01-29,Strain
Italy/UniSR1/2020,A2a,EPI_ISL_413489,,2020-03-03,Strain
Japan/AI/I-004/2020,,EPI_ISL_407084,LC521925,2020-01-25,Strain
Japan/Hu_DP_Kng_19-020/2020,,EPI_ISL_412968,,2020-02-10,Strain
Japan/Hu_DP_Kng_19-027/2020,,EPI_ISL_412969,,2020-02-10,Strain
Japan/KY-V-029/2020,,EPI_ISL_408669,LC522972,2020-01-29,Strain
Japan/NA-20-05-1/2020,,EPI_ISL_410531,,2020-01-25,Strain
Japan/OS-20-07-1/2020,,EPI_ISL_410532,,2020-01-23,Strain
Japan/TK/20-31-3/2020,,EPI_ISL_413459,,2020-02-20,Strain
Japan/TKYE6182/2020,,EPI_ISL_414511,,2020-01,Strain
Japan/TY-WK-012/2020,B2,EPI_ISL_408665,LC522973,2020-01-29,Strain
Japan/TY-WK-501/2020,B2,EPI_ISL_408666,LC522974,2020-01-31,Strain
Japan/TY-WK-521/2020,B2,EPI_ISL_408667,LC522975,2020-01-31,Strain
Jiangsu/IVDC-JS-001/2020,,EPI_ISL_408488,,2020-01-19,Strain
Jiangsu/JS01/2020,,EPI_ISL_411950,,2020-01-23,Strain
Jiangsu/JS02/2020,,EPI_ISL_411952,,2020-01-24,Strain
Jiangsu/JS03/2020,,EPI_ISL_411953,,2020-01-24,Strain
Jiangxi/IVDC-JX-002/2020,,EPI_ISL_408486,,2020-01-11,Strain
Jingzhou/HBCDC-HB-01/2020,,EPI_ISL_412459,,2020-01-08,Strain
Luxembourg/Lux1/2020,A2a,EPI_ISL_413593,,2020-02-29,Strain
Mexico/CDMX-InDRE_01/2020,A2a,EPI_ISL_412972,,2020-02-27,Strain
Nepal/61/2020,,EPI_ISL_410301,MT072688,2020-01-13,Strain
Netherlands/Andel_1365066/2020,A6,EPI_ISL_413564,,2020-03-01,Strain
Netherlands/Berlicum_1363564/2020,A2a,EPI_ISL_413565,,2020-02-24,Strain
Netherlands/Blaricum_1364780/2020,A2a,EPI_ISL_413566,,2020-03-02,Strain
Netherlands/Coevorden_1363618/2020,,EPI_ISL_413567,,2020,Strain
Netherlands/Dalen_1363624/2020,A6,EPI_ISL_413568,,2020-03-01,Strain
Netherlands/Delft_1363424/2020,A2a,EPI_ISL_413569,,2020-02-28,Strain
Netherlands/Diemen_1363454/2020,A2a,EPI_ISL_413570,,2020-02-28,Strain
Netherlands/Eindhoven_1363782/2020,A2a,EPI_ISL_413571,,2020-03-02,Strain
Netherlands/Flevoland_1/2020,A2a,EPI_ISL_415460,,2020-03-09,Strain
Netherlands/Gelderland_1/2020,A2a,EPI_ISL_414423,,2020-03-02,Strain
Netherlands/Gelderland_2/2020,A2a,EPI_ISL_415462,,2020-03-09,Strain
Netherlands/Gelderland_3/2020,A2a,EPI_ISL_415463,,2020-03-09,Strain
Netherlands/Haarlem_1363688/2020,A2a,EPI_ISL_413572,,2020-03-01,Strain
Netherlands/Hardinxveld_Giessendam_1364806/2020,A6,EPI_ISL_413573,,2020-03-02,Strain
Netherlands/Helmond_1363548/2020,A2a,EPI_ISL_413574,,2020-02-29,Strain
Netherlands/Limburg_2/2020,A2a,EPI_ISL_414424,,2020-03-03,Strain
Netherlands/Limburg_3/2020,A2a,EPI_ISL_414425,,2020-03-03,Strain
Netherlands/Limburg_4/2020,,EPI_ISL_414426,,2020-03-03,Strain
Netherlands/Limburg_5/2020,A2a,EPI_ISL_414448,,2020-03-04,Strain
Netherlands/Limburg_6/2020,A6,EPI_ISL_414427,,2020-03-03,Strain
Netherlands/Limburg_7/2020,,EPI_ISL_415464,,2020,Strain
Netherlands/Loon_op_zand_1363512/2020,A6,EPI_ISL_413576,,2020-02-29,Strain
Netherlands/NA_1/2020,A2a,EPI_ISL_415465,,2020-03-10,Strain
Netherlands/NA_10/2020,A2a,EPI_ISL_415466,,2020-03-09,Strain
Netherlands/NA_11/2020,A2a,EPI_ISL_415467,,2020-03-10,Strain
Netherlands/NA_12/2020,A2a,EPI_ISL_415468,,2020-03-10,Strain
Netherlands/NA_13/2020,A2a,EPI_ISL_415469,,2020-03-10,Strain
Netherlands/NA_14/2020,A1a,EPI_ISL_415470,,2020-03-10,Strain
Netherlands/NA_15/2020,A2a,EPI_ISL_415471,,2020-03-11,Strain
Netherlands/NA_16/2020,A2a,EPI_ISL_415472,,2020-03-11,Strain
Netherlands/NA_17/2020,A2a,EPI_ISL_415473,,2020-03-09,Strain
Netherlands/NA_18/2020,A2a,EPI_ISL_415474,,2020-03-09,Strain
Netherlands/NA_19/2020,A2a,EPI_ISL_415475,,2020-03-12,Strain
Netherlands/NA_2/2020,A2a,EPI_ISL_415476,,2020-03-10,Strain
Netherlands/NA_20/2020,A2a,EPI_ISL_415477,,2020-03-12,Strain
Netherlands/NA_21/2020,A1a,EPI_ISL_415478,,2020-03-08,Strain
Netherlands/NA_22/2020,A6,EPI_ISL_415479,,2020-03-08,Strain
Netherlands/NA_23/2020,A2a,EPI_ISL_415480,,2020-03-09,Strain
Netherlands/NA_24/2020,A2a,EPI_ISL_415481,,2020-03-08,Strain
Netherlands/NA_25/2020,A2a,EPI_ISL_415482,,2020-03-09,Strain
Netherlands/NA_26/2020,A2a,EPI_ISL_415483,,2020-03-09,Strain
Netherlands/NA_27/2020,A1a,EPI_ISL_415484,,2020-03-13,Strain
Netherlands/NA_28/2020,A2a,EPI_ISL_415485,,2020-03-12,Strain
Netherlands/NA_29/2020,A1a,EPI_ISL_415486,,2020-03-13,Strain
Netherlands/NA_30/2020,A2a,EPI_ISL_415487,,2020-03-13,Strain
Netherlands/NA_31/2020,A2a,EPI_ISL_415488,,2020-03-13,Strain
Netherlands/NA_32/2020,A6,EPI_ISL_415489,,2020-03-13,Strain
Netherlands/NA_33/2020,A6,EPI_ISL_415490,,2020-03-07,Strain
Netherlands/NA_34/2020,A1a,EPI_ISL_415491,,2020-03-07,Strain
Netherlands/NA_35/2020,A1a,EPI_ISL_415492,,2020-03-10,Strain
Netherlands/NA_4/2020,,EPI_ISL_415493,,2020,Strain
Netherlands/NA_5/2020,,EPI_ISL_415494,,2020,Strain
Netherlands/NA_6/2020,,EPI_ISL_415495,,2020-03-10,Strain
Netherlands/NA_7/2020,A2a,EPI_ISL_415496,,2020-03-09,Strain
Netherlands/NA_8/2020,A2a,EPI_ISL_415497,,2020-03-09,Strain
Netherlands/NA_9/2020,A2a,EPI_ISL_415498,,2020-03-09,Strain
Netherlands/Naarden_1364774/2020,A6,EPI_ISL_413577,,2020-03-02,Strain
Netherlands/Nieuwendijk_1363582/2020,A6,EPI_ISL_413578,,2020-03-01,Strain
Netherlands/NoordBrabant_1/2020,A2a,EPI_ISL_414428,,2020-03-02,Strain
Netherlands/NoordBrabant_10/2020,A6,EPI_ISL_414431,,2020-03-02,Strain
Netherlands/NoordBrabant_11/2020,A6,EPI_ISL_414432,,2020-03-02,Strain
Netherlands/NoordBrabant_12/2020,A6,EPI_ISL_414452,,2020-03-06,Strain
Netherlands/NoordBrabant_13/2020,A2a,EPI_ISL_414453,,2020-03-06,Strain
Netherlands/NoordBrabant_14/2020,A2a,EPI_ISL_414454,,2020-03-05,Strain
Netherlands/NoordBrabant_15/2020,A2a,EPI_ISL_414455,,2020-03-06,Strain
Netherlands/NoordBrabant_16/2020,A2a,EPI_ISL_414456,,2020-03-04,Strain
Netherlands/NoordBrabant_17/2020,A2a,EPI_ISL_414457,,2020-03-06,Strain
Netherlands/NoordBrabant_18/2020,A6,EPI_ISL_414458,,2020-03-05,Strain
Netherlands/NoordBrabant_19/2020,A6,EPI_ISL_414459,,2020-03-06,Strain
Netherlands/NoordBrabant_2/2020,A2a,EPI_ISL_414449,,2020-03-03,Strain
Netherlands/NoordBrabant_20/2020,A1a,EPI_ISL_414529,,2020-03-04,Strain
Netherlands/NoordBrabant_21/2020,A2a,EPI_ISL_414530,,2020-03-04,Strain
Netherlands/NoordBrabant_22/2020,A1a,EPI_ISL_414531,,2020-03-04,Strain
Netherlands/NoordBrabant_23/2020,A1a,EPI_ISL_414532,,2020-03-05,Strain
Netherlands/NoordBrabant_24/2020,A6,EPI_ISL_414533,,2020-03-06,Strain
Netherlands/NoordBrabant_25/2020,A1a,EPI_ISL_414534,,2020-03-06,Strain
Netherlands/NoordBrabant_26/2020,A2a,EPI_ISL_414535,,2020-03-06,Strain
Netherlands/NoordBrabant_27/2020,A6,EPI_ISL_414536,,2020-03-08,Strain
Netherlands/NoordBrabant_28/2020,A6,EPI_ISL_414537,,2020-03-08,Strain
Netherlands/NoordBrabant_29/2020,A6,EPI_ISL_414538,,2020-03-08,Strain
Netherlands/NoordBrabant_3/2020,A2a,EPI_ISL_414429,,2020-03-02,Strain
Netherlands/NoordBrabant_30/2020,A6,EPI_ISL_414539,,2020-03-08,Strain
Netherlands/NoordBrabant_31/2020,A6,EPI_ISL_414540,,2020-03-08,Strain
Netherlands/NoordBrabant_32/2020,A6,EPI_ISL_414541,,2020-03-08,Strain
Netherlands/NoordBrabant_33/2020,,EPI_ISL_414542,,2020-03,Strain
Netherlands/NoordBrabant_34/2020,,EPI_ISL_414543,,2020-03-XX,Strain
Netherlands/NoordBrabant_35/2020,A6,EPI_ISL_414544,,2020-03-09,Strain
Netherlands/NoordBrabant_36/2020,A2a,EPI_ISL_414545,,2020-03-03,Strain
Netherlands/NoordBrabant_37/2020,A1a,EPI_ISL_414546,,2020-03-06,Strain
Netherlands/NoordBrabant_38/2020,A6,EPI_ISL_414547,,2020-03-06,Strain
Netherlands/NoordBrabant_39/2020,A2a,EPI_ISL_414548,,2020-03-04,Strain
Netherlands/NoordBrabant_4/2020,A2a,EPI_ISL_414450,,2020-03-06,Strain
Netherlands/NoordBrabant_41/2020,,EPI_ISL_415499,,2020,Strain
Netherlands/NoordBrabant_42/2020,A6,EPI_ISL_415500,,2020-03-10,Strain
Netherlands/NoordBrabant_44/2020,A6,EPI_ISL_415501,,2020-03-11,Strain
Netherlands/NoordBrabant_45/2020,A2a,EPI_ISL_415502,,2020-03-09,Strain
Netherlands/NoordBrabant_46/2020,B,EPI_ISL_415503,,2020-03-11,Strain
Netherlands/NoordBrabant_47/2020,,EPI_ISL_415504,,2020-03-09,Strain
Netherlands/NoordBrabant_48/2020,A6,EPI_ISL_415505,,2020-03-11,Strain
Netherlands/NoordBrabant_49/2020,A6,EPI_ISL_415506,,2020-03-11,Strain
Netherlands/NoordBrabant_5/2020,A1a,EPI_ISL_414430,,2020-03-05,Strain
Netherlands/NoordBrabant_51/2020,,EPI_ISL_415507,,2020,Strain
Netherlands/NoordBrabant_52/2020,A6,EPI_ISL_415508,,2020-03-09,Strain
Netherlands/NoordBrabant_53/2020,,EPI_ISL_415509,,2020,Strain
Netherlands/NoordBrabant_54/2020,A6,EPI_ISL_415510,,2020-03-09,Strain
Netherlands/NoordBrabant_55/2020,A2a,EPI_ISL_415511,,2020-03-09,Strain
Netherlands/NoordBrabant_56/2020,A1a,EPI_ISL_415512,,2020-03-09,Strain
Netherlands/NoordBrabant_57/2020,A6,EPI_ISL_415513,,2020-03-11,Strain
Netherlands/NoordBrabant_58/2020,A2a,EPI_ISL_415514,,2020-03-11,Strain
Netherlands/NoordBrabant_59/2020,A2a,EPI_ISL_415515,,2020-03-11,Strain
Netherlands/NoordBrabant_6/2020,A1a,EPI_ISL_414451,,2020-03-06,Strain
Netherlands/NoordBrabant_60/2020,,EPI_ISL_415516,,2020-03-11,Strain
Netherlands/NoordBrabant_61/2020,,EPI_ISL_415517,,2020,Strain
Netherlands/NoordBrabant_62/2020,,EPI_ISL_415518,,2020,Strain
Netherlands/NoordBrabant_63/2020,,EPI_ISL_415519,,2020,Strain
Netherlands/NoordBrabant_64/2020,,EPI_ISL_415520,,2020,Strain
Netherlands/NoordBrabant_65/2020,,EPI_ISL_415521,,2020,Strain
Netherlands/NoordBrabant_66/2020,,EPI_ISL_415522,,2020,Strain
Netherlands/NoordBrabant_67/2020,,EPI_ISL_415523,,2020,Strain
Netherlands/NoordBrabant_68/2020,A6,EPI_ISL_415524,,2020-03-12,Strain
Netherlands/NoordHolland_1/2020,A2a,EPI_ISL_414433,,2020-03-03,Strain
Netherlands/NoordHolland_2/2020,A2a,EPI_ISL_414549,,2020-03-03,Strain
Netherlands/NoordHolland_3/2020,A2a,EPI_ISL_415525,,2020-03-12,Strain
Netherlands/Nootdorp_1364222/2020,A2a,EPI_ISL_413579,,2020-03-03,Strain
Netherlands/Oisterwijk_1364072/2020,,EPI_ISL_413580,,2020-03-02,Strain
Netherlands/Oss_1363500/2020,A6,EPI_ISL_413581,,2020-02-29,Strain
Netherlands/Overijssel_1/2020,A2a,EPI_ISL_414434,,2020-03-03,Strain
Netherlands/Overijssel_2/2020,A2a,EPI_ISL_414460,,2020-03-03,Strain
Netherlands/Rotterdam_1363790/2020,,EPI_ISL_413582,,2020-03-01,Strain
Netherlands/Rotterdam_1364040/2020,A6,EPI_ISL_413583,,2020-03-02,Strain
Netherlands/Rotterdam_1364740/2020,A2a,EPI_ISL_413584,,2020-03-03,Strain
Netherlands/Tilburg_/2020,,EPI_ISL_413585,,2020,Strain
Netherlands/Tilburg_1363354/2020,A6,EPI_ISL_413586,,2020-02-27,Strain
Netherlands/Tilburg_1364286/2020,A2a,EPI_ISL_413587,,2020-03-03,Strain
Netherlands/Utrecht_1/2020,A2a,EPI_ISL_414435,,2020-03-03,Strain
Netherlands/Utrecht_10/2020,A2a,EPI_ISL_414442,,2020-03-03,Strain
Netherlands/Utrecht_11/2020,A2a,EPI_ISL_414443,,2020-03-03,Strain
Netherlands/Utrecht_12/2020,,EPI_ISL_414462,,2020-03-04,Strain
Netherlands/Utrecht_13/2020,A2a,EPI_ISL_414463,,2020-03-04,Strain
Netherlands/Utrecht_1363564/2020,A2a,EPI_ISL_413588,,2020-03-01,Strain
Netherlands/Utrecht_1363628/2020,A2a,EPI_ISL_413589,,2020-03-01,Strain
Netherlands/Utrecht_1364066/2020,,EPI_ISL_413590,,2020-03-02,Strain
Netherlands/Utrecht_14/2020,A2a,EPI_ISL_414464,,2020-03-04,Strain
Netherlands/Utrecht_15/2020,A2a,EPI_ISL_414554,,2020-03-08,Strain
Netherlands/Utrecht_16/2020,B4,EPI_ISL_414555,,2020-03-08,Strain
Netherlands/Utrecht_17/2020,B4,EPI_ISL_415526,,2020-03-10,Strain
Netherlands/Utrecht_18/2020,A1a,EPI_ISL_415527,,2020-03-12,Strain
Netherlands/Utrecht_19/2020,A6,EPI_ISL_415528,,2020-03-12,Strain
Netherlands/Utrecht_2/2020,A2a,EPI_ISL_414436,,2020-03-03,Strain
Netherlands/Utrecht_3/2020,A2a,EPI_ISL_414437,,2020-03-03,Strain
Netherlands/Utrecht_4/2020,A2a,EPI_ISL_414438,,2020-03-03,Strain
Netherlands/Utrecht_5/2020,A2a,EPI_ISL_414439,,2020-03-02,Strain
Netherlands/Utrecht_6/2020,A2a,EPI_ISL_414461,,2020-03-04,Strain
Netherlands/Utrecht_7/2020,A2a,EPI_ISL_414440,,2020-03-03,Strain
Netherlands/Utrecht_8/2020,A2a,EPI_ISL_414441,,2020-03-03,Strain
Netherlands/Zeewolde_1365080/2020,A2a,EPI_ISL_413591,,2020-03-02,Strain
Netherlands/ZuidHolland_1/2020,A2a,EPI_ISL_414444,,2020-03-02,Strain
Netherlands/ZuidHolland_10/2020,A2a,EPI_ISL_414446,,2020-03-03,Strain
Netherlands/ZuidHolland_11/2020,A2a,EPI_ISL_414469,,2020-03-04,Strain
Netherlands/ZuidHolland_13/2020,A2a,EPI_ISL_414470,,2020-03-06,Strain
Netherlands/ZuidHolland_14/2020,A2a,EPI_ISL_414471,,2020-03-05,Strain
Netherlands/ZuidHolland_15/2020,A2a,EPI_ISL_414557,,2020-03-08,Strain
Netherlands/ZuidHolland_16/2020,A3,EPI_ISL_414558,,2020-03-06,Strain
Netherlands/ZuidHolland_17/2020,A2a,EPI_ISL_414559,,2020-03-07,Strain
Netherlands/ZuidHolland_18/2020,A2a,EPI_ISL_414560,,2020-03-03,Strain
Netherlands/ZuidHolland_19/2020,A2a,EPI_ISL_414561,,2020-03-05,Strain
Netherlands/ZuidHolland_2/2020,A2a,EPI_ISL_414556,,2020-03-06,Strain
Netherlands/ZuidHolland_20/2020,A2a,EPI_ISL_414562,,2020-03-03,Strain
Netherlands/ZuidHolland_21/2020,,EPI_ISL_414563,,2020-03-03,Strain
Netherlands/ZuidHolland_22/2020,A2a,EPI_ISL_414564,,2020-03-08,Strain
Netherlands/ZuidHolland_23/2020,A2a,EPI_ISL_414565,,2020-03-09,Strain
Netherlands/ZuidHolland_24/2020,A2a,EPI_ISL_414566,,2020-03-06,Strain
Netherlands/ZuidHolland_25/2020,A2a,EPI_ISL_415529,,2020-03-09,Strain
Netherlands/ZuidHolland_26/2020,A2a,EPI_ISL_415530,,2020-03-09,Strain
Netherlands/ZuidHolland_27/2020,,EPI_ISL_415531,,2020-03-09,Strain
Netherlands/ZuidHolland_28/2020,A2a,EPI_ISL_415532,,2020-03-09,Strain
Netherlands/ZuidHolland_29/2020,A2a,EPI_ISL_415533,,2020-03-09,Strain
Netherlands/ZuidHolland_30/2020,A2a,EPI_ISL_415534,,2020-03-11,Strain
Netherlands/ZuidHolland_31/2020,A2a,EPI_ISL_415535,,2020-03-12,Strain
Netherlands/ZuidHolland_5/2020,A2a,EPI_ISL_414465,,2020-03-04,Strain
Netherlands/ZuidHolland_6/2020,A2a,EPI_ISL_414466,,2020-03-04,Strain
Netherlands/ZuidHolland_7/2020,,EPI_ISL_414467,,2020-03-05,Strain
Netherlands/ZuidHolland_8/2020,A1a,EPI_ISL_414468,,2020-03-06,Strain
Netherlands/ZuidHolland_9/2020,A2a,EPI_ISL_414445,,2020-03-03,Strain
NetherlandsL/Houten_1363498/2020,A2a,EPI_ISL_413575,,2020-02-29,Strain
NewZealand/01/2020,A3,EPI_ISL_413490,,2020-02-27,Strain
Nigeria/Lagos01/2020,A2a,EPI_ISL_413550,,2020-02-27,Strain
Nonthaburi/61/2020,,EPI_ISL_403962,,2020-01-08,Strain
Nonthaburi/74/2020,,EPI_ISL_403963,,2020-01-13,Strain
NorthernIreland/HSCNI01/2020,A2a,EPI_ISL_414949,,2020-02-26,Strain
Panama/328677/2020,A2a,EPI_ISL_415152,,2020-03-06,Strain
Peru/010/2020,,EPI_ISL_415787,,2020-03-10,Strain
Portugal/CV62/2020,A2a,EPI_ISL_413647,,2020-03-01,Strain
Portugal/CV63/2020,A2a,EPI_ISL_413648,,2020-03-01,Strain
Russia/StPetersburg-3524/2020,,EPI_ISL_415710,,2020-03-15,Strain
SaudiArabia/KAIMRC-Alghoribi/2020,,EPI_ISL_416432,,2020-03-07,Strain
Scotland/CVR01/2020,A2a,EPI_ISL_413221,,2020-03-02,Strain
Scotland/CVR02/2020,A6,EPI_ISL_414024,,2020-03-02,Strain
Scotland/CVR03/2020,A2a,EPI_ISL_414025,,2020-03-01,Strain
Scotland/CVR04/2020,A6,EPI_ISL_414026,,2020-03-04,Strain
Scotland/CVR05/2020,A2a,EPI_ISL_414027,,2020-03-04,Strain
Scotland/CVR06/2020,,EPI_ISL_415628,,2020-03-07,Strain
Scotland/CVR07/2020,A1a,EPI_ISL_415630,,2020-03-09,Strain
Scotland/CVR10/2020,A1a,EPI_ISL_415631,,2020-03-10,Strain
Scotland/EDB003/2020,A2a,EPI_ISL_415640,,2020-03-08,Strain
Scotland/EDB004/2020,A2a,EPI_ISL_415629,,2020-03-04,Strain
Scotland/EDB005/2020,A2a,EPI_ISL_415632,,2020-03-07,Strain
Scotland/EDB006/2020,A2a,EPI_ISL_415633,,2020-03-09,Strain
Scotland/EDB007/2020,A2a,EPI_ISL_415634,,2020-03-06,Strain
Scotland/EDB008/2020,A2a,EPI_ISL_415635,,2020-03-09,Strain
Scotland/EDB009/2020,A2a,EPI_ISL_415636,,2020-03-06,Strain
Scotland/EDB011/2020,A2a,EPI_ISL_415637,,2020-03-04,Strain
Scotland/EDB012/2020,A6,EPI_ISL_415638,,2020-03-07,Strain
Scotland/EDB013/2020,A2a,EPI_ISL_415639,,2020-03-10,Strain
Shandong/IVDC-SD-001/2020,A3,EPI_ISL_408482,,2020-01-19,Strain
Shandong/LY001/2020,,EPI_ISL_414934,,2020-01-21,Strain
Shandong/LY002/2020,,EPI_ISL_414935,,2020-01-21,Strain
Shandong/LY003/2020,B,EPI_ISL_414936,,2020-01-23,Strain
Shandong/LY004/2020,B,EPI_ISL_414937,,2020-01-26,Strain
Shandong/LY005/2020,B,EPI_ISL_414938,,2020-01-24,Strain
Shandong/LY006/2020,B,EPI_ISL_414939,,2020-01-25,Strain
Shandong/LY007/2020,B,EPI_ISL_414940,,2020-01-25,Strain
Shandong/LY008/2020,B,EPI_ISL_414941,,2020-01-30,Strain
Shanghai/IVDC-SH-001/2020,,EPI_ISL_408483,,2020-01-20,Strain
Shanghai/SH01/2020,,EPI_ISL_414510,MT121215,2020-02-02,Strain
Shenzhen/HKU-SZ-002/2020,B2,EPI_ISL_406030,MN938384,2020-01-10,Strain
Shenzhen/HKU-SZ-005/2020,B2,EPI_ISL_405839,MN975262,2020-01-11,Strain
Shenzhen/SZTH-001/2020,,EPI_ISL_406592,,2020-01-13,Strain
Shenzhen/SZTH-002/2020,B2,EPI_ISL_406593,,2020-01-13,Strain
Shenzhen/SZTH-003/2020,,EPI_ISL_406594,,2020-01-16,Strain
Shenzhen/SZTH-004/2020,,EPI_ISL_406595,,2020-01-16,Strain
Sichuan/IVDC-SC-001/2020,B,EPI_ISL_408484,,2020-01-15,Strain
Singapore/1/2020,,EPI_ISL_406973,,2020-01-23,Strain
Singapore/10/2020,,EPI_ISL_410716,,2020-02-04,Strain
Singapore/11/2020,,EPI_ISL_410719,,2020-02-02,Strain
Singapore/12/2020,B,EPI_ISL_414378,,2020-02-17,Strain
Singapore/13/2020,B,EPI_ISL_414379,,2020-02-18,Strain
Singapore/14/2020,B,EPI_ISL_414380,,2020-02-19,Strain
Singapore/2/2020,,EPI_ISL_407987,,2020-01-25,Strain
Singapore/3/2020,,EPI_ISL_407988,,2020-02-01,Strain
Singapore/4/2020,B4,EPI_ISL_410535,,2020-02-03,Strain
Singapore/5/2020,,EPI_ISL_410536,,2020-02-06,Strain
Singapore/6/2020,,EPI_ISL_410537,,2020-02-09,Strain
Singapore/7/2020,,EPI_ISL_410713,,2020-01-27,Strain
Singapore/8/2020,,EPI_ISL_410714,,2020-02-03,Strain
Singapore/9/2020,,EPI_ISL_410715,,2020-02-04,Strain
SouthKorea/KCDC03/2020,B,EPI_ISL_407193,,2020-01-25,Strain
SouthKorea/KCDC05/2020,B,EPI_ISL_412869,,2020-01-30,Strain
SouthKorea/KCDC06/2020,B,EPI_ISL_412870,,2020-01-30,Strain
SouthKorea/KCDC07/2020,B,EPI_ISL_412871,,2020-01-31,Strain
SouthKorea/KCDC12/2020,,EPI_ISL_412872,,2020-02-01,Strain
SouthKorea/KCDC24/2020,B,EPI_ISL_412873,,2020-02-06,Strain
SouthKorea/KUMC01/2020,,EPI_ISL_413017,,2020-02-06,Strain
SouthKorea/KUMC02/2020,,EPI_ISL_413018,,2020-02-06,Strain
SouthKorea/KUMC03/2020,B,EPI_ISL_413513,,2020-02-27,Strain
SouthKorea/KUMC04/2020,B,EPI_ISL_413514,,2020-02-27,Strain
SouthKorea/KUMC05/2020,B,EPI_ISL_413515,,2020-02-27,Strain
SouthKorea/KUMC06/2020,B,EPI_ISL_413516,,2020-02-27,Strain
SouthKorea/SNU01/2020,,EPI_ISL_411929,MT039890,2020-01-XX,Strain
Spain/Valencia1/2020,A2a,EPI_ISL_414495,MT198653,2020-03-08,Strain
Spain/Valencia2/2020,B,EPI_ISL_414496,MT198651,2020-03-04,Strain
Spain/Valencia3/2020,B,EPI_ISL_414598,MT198652,2020-03-05,Strain
Sweden/01/2020,,EPI_ISL_411951,MT093571,2020-02-07,Strain
Switzerland/1000477102/2020,A1a,EPI_ISL_413019,,2020-02-26,Strain
Switzerland/1000477377/2020,A2a,EPI_ISL_413020,,2020-02-27,Strain
Switzerland/1000477757/2020,A2a,EPI_ISL_413021,,2020-02-29,Strain
Switzerland/1000477796/2020,A2a,EPI_ISL_413022,,2020-02-29,Strain
Switzerland/1000477797/2020,A2a,EPI_ISL_413023,,2020-02-29,Strain
Switzerland/1000477806/2020,A2a,EPI_ISL_413024,,2020-02-29,Strain
Switzerland/AG0361/2020,A2a,EPI_ISL_413999,,2020-02-27,Strain
Switzerland/AG7120/2020,A2a,EPI_ISL_415457,,2020-02-29,Strain
Switzerland/BE2536/2020,A2a,EPI_ISL_415704,,2020-03-04,Strain
Switzerland/BE6651/2020,A2a,EPI_ISL_415456,,2020-02-29,Strain
Switzerland/BL0902/2020,A2a,EPI_ISL_414021,,2020-02-27,Strain
Switzerland/BS0914/2020,A2a,EPI_ISL_415701,,2020-03-02,Strain
Switzerland/GE0199/2020,A2a,EPI_ISL_415455,,2020-02-28,Strain
Switzerland/GE062072020,A2a,EPI_ISL_415706,,2020-03-06,Strain
Switzerland/GE1402/2020,A2a,EPI_ISL_415700,,2020-02-28,Strain
Switzerland/GE1422/2020,A2a,EPI_ISL_415454,,2020-02-28,Strain
Switzerland/GE3121/2020,A2a,EPI_ISL_414019,,2020-02-27,Strain
Switzerland/GE3895/2020,A2a,EPI_ISL_413997,,2020-02-26,Strain
Switzerland/GE4135/2020,A2a,EPI_ISL_415705,,2020-03-06,Strain
Switzerland/GE4984/2020,A2a,EPI_ISL_415708,,2020-03-07,Strain
Switzerland/GE5373/2020,A2a,EPI_ISL_414020,,2020-02-27,Strain
Switzerland/GE6679/2020,A2a,EPI_ISL_415707,,2020-03-08,Strain
Switzerland/GE8102/2020,A2a,EPI_ISL_415458,,2020-03-01,Strain
Switzerland/GE9586/2020,A2a,EPI_ISL_414022,,2020-02-27,Strain
Switzerland/GR2988/2020,A2a,EPI_ISL_415698,,2020-02-27,Strain
Switzerland/GR3043/2020,A2a,EPI_ISL_415699,,2020-02-27,Strain
Switzerland/SZ1417/2020,A2a,EPI_ISL_415702,,2020-03-02,Strain
Switzerland/TI2045/2020,A2a,EPI_ISL_415703,,2020-03-01,Strain
Switzerland/TI9486/2020,A2a,EPI_ISL_413996,,2020-02-24,Strain
Switzerland/VD0503/2020,A2a,EPI_ISL_415459,,2020-02-29,Strain
Switzerland/VD5615/2020,A2a,EPI_ISL_414023,,2020-03-01,Strain
Taiwan/2/2020,,EPI_ISL_406031,,2020-01-23,Strain
Taiwan/3/2020,B,EPI_ISL_411926,,2020-01-24,Strain
Taiwan/4/2020,,EPI_ISL_411927,,2020-01-28,Strain
Taiwan/CGMH-CGU-01/2020,,EPI_ISL_411915,,2020-01-25,Strain
Taiwan/CGMH-CGU-03/2020,A3,EPI_ISL_415741,,2020-02-26,Strain
Taiwan/CGMH-CGU-04/2020,A3,EPI_ISL_415742,,2020-02-27,Strain
Taiwan/CGMH-CGU-05/2020,A3,EPI_ISL_415743,,2020-02-27,Strain
Taiwan/NTU01/2020,B,EPI_ISL_408489,MT066175,2020-01-31,Strain
Taiwan/NTU02/2020,,EPI_ISL_410218,MT066176,2020-02-05,Strain
Taiwan/NTU03/2020,A2a,EPI_ISL_413592,,2020-03-02,Strain
Tianmen/HBCDC-HB-07/2020,B,EPI_ISL_412983,,2020-02-08,Strain
USA/AZ1/2020,B2,EPI_ISL_406223,MN997409,2020-01-22,Strain
USA/CA-CDPH-UC1/2020,B1,EPI_ISL_413557,,2020-02-26,Strain
USA/CA-CDPH-UC2/2020,A7,EPI_ISL_413558,,2020-02-27,Strain
USA/CA-CDPH-UC3/2020,A7,EPI_ISL_413559,,2020-02-27,Strain
USA/CA-CDPH-UC4/2020,A7,EPI_ISL_413561,,2020-02-27,Strain
USA/CA-CDPH-UC5/2020,B1,EPI_ISL_413922,,2020-03-05,Strain
USA/CA-CDPH-UC6/2020,B1,EPI_ISL_413924,,2020-03-05,Strain
USA/CA-CDPH-UC7/2020,B1,EPI_ISL_413925,,2020-03-05,Strain
USA/CA-CDPH-UC8/2020,B1,EPI_ISL_413926,,2020-03-05,Strain
USA/CA-CDPH-UC9/2020,B1,EPI_ISL_413928,,2020-03-05,Strain
USA/CA-MG0987/2020,A2a,EPI_ISL_416457,,2020-03-18,Strain
USA/CA-PC101P/2020,A2a,EPI_ISL_414648,MT192765,2020-03-11,Strain
USA/CA1/2020,B,EPI_ISL_406034,MN994467,2020-01-23,Strain
USA/CA2/2020,,EPI_ISL_406036,MN994468,2020-01-22,Strain
USA/CA3/2020,,EPI_ISL_408008,MT027062,2020-01-29,Strain
USA/CA4/2020,,EPI_ISL_408009,MT027063,2020-01-29,Strain
USA/CA5/2020,,EPI_ISL_408010,MT027064,2020-01-29,Strain
USA/CA6/2020,,EPI_ISL_410044,MT044258,2020-01-27,Strain
USA/CA7/2020,B4,EPI_ISL_411954,MT106052,2020-02-06,Strain
USA/CA8/2020,,EPI_ISL_411955,MT106053,2020-02-10,Strain
USA/CA9/2020,A7,EPI_ISL_412862,MT118835,2020-02-23,Strain
USA/CT-Yale-001/2020,,EPI_ISL_416416,,2020-03-06,Strain
USA/CT-Yale-002/2020,B1,EPI_ISL_416417,,2020-03-10,Strain
USA/CT-Yale-003/2020,B1,EPI_ISL_416418,,2020-03-08,Strain
USA/CT-Yale-005/2020,B1,EPI_ISL_416419,,2020-03-09,Strain
USA/CT-Yale-006/2020,A2a,EPI_ISL_416420,,2020-03-13,Strain
USA/CT-Yale-007/2020,B1,EPI_ISL_416421,,2020-03-13,Strain
USA/CT-Yale-008/2020,B1,EPI_ISL_416422,,2020-03-13,Strain
USA/CT-Yale-009/2020,B1,EPI_ISL_416423,,2020-03-13,Strain
USA/CT-Yale-010/2020,B1,EPI_ISL_416424,,2020-03-14,Strain
USA/CruiseA-1/2020,,EPI_ISL_413606,,2020-02-17,Strain
USA/CruiseA-10/2020,,EPI_ISL_413615,,2020-02-17,Strain
USA/CruiseA-11/2020,,EPI_ISL_413616,,2020-02-17,Strain
USA/CruiseA-12/2020,,EPI_ISL_413617,,2020-02-20,Strain
USA/CruiseA-13/2020,,EPI_ISL_413618,,2020-02-20,Strain
USA/CruiseA-14/2020,,EPI_ISL_413619,,2020-02-25,Strain
USA/CruiseA-15/2020,,EPI_ISL_413620,,2020-02-18,Strain
USA/CruiseA-16/2020,,EPI_ISL_413621,,2020-02-18,Strain
USA/CruiseA-17/2020,,EPI_ISL_413622,,2020-02-24,Strain
USA/CruiseA-18/2020,,EPI_ISL_413623,,2020-02-24,Strain
USA/CruiseA-19/2020,,EPI_ISL_414479,,2020-02-18,Strain
USA/CruiseA-2/2020,,EPI_ISL_413607,,2020-02-18,Strain
USA/CruiseA-21/2020,,EPI_ISL_414480,,2020-02-21,Strain
USA/CruiseA-22/2020,,EPI_ISL_414481,,2020-02-21,Strain
USA/CruiseA-23/2020,,EPI_ISL_414482,,2020-02-18,Strain
USA/CruiseA-24/2020,,EPI_ISL_414483,,2020-02-17,Strain
USA/CruiseA-25/2020,,EPI_ISL_414484,,2020-02-17,Strain
USA/CruiseA-26/2020,,EPI_ISL_414485,,2020-02-24,Strain
USA/CruiseA-3/2020,,EPI_ISL_413608,,2020-02-18,Strain
USA/CruiseA-4/2020,,EPI_ISL_413609,,2020-02-21,Strain
USA/CruiseA-5/2020,,EPI_ISL_413610,,2020-02-21,Strain
USA/CruiseA-6/2020,,EPI_ISL_413611,,2020-02-21,Strain
USA/CruiseA-7/2020,,EPI_ISL_413612,,2020-02-17,Strain
USA/CruiseA-8/2020,,EPI_ISL_413613,,2020-02-17,Strain
USA/CruiseA-9/2020,,EPI_ISL_413614,,2020-02-17,Strain
USA/IL1/2020,,EPI_ISL_404253,MN988713,2020-01-21,Strain
USA/IL2/2020,B,EPI_ISL_410045,MT044257,2020-01-28,Strain
USA/MA1/2020,,EPI_ISL_409067,MT039888,2020-01-29,Strain
USA/MN1-MDH1/2020,,EPI_ISL_414588,MT188341,2020-03-05,Strain
USA/MN2-MDH2/2020,A6,EPI_ISL_414589,MT188340,2020-03-07,Strain
USA/MN3-MDH3/2020,B1,EPI_ISL_414590,MT188339,2020-03-09,Strain
USA/NY-NYUMC1/2020,A1a,EPI_ISL_414639,,2020-03-04,Strain
USA/NY1-PV08001/2020,A3,EPI_ISL_414476,,2020-02-29,Strain
USA/NY2-PV08100/2020,B,EPI_ISL_415151,,2020-03-04,Strain
USA/TX1/2020,B2,EPI_ISL_411956,MT106054,2020-02-11,Strain
USA/UC-CDPH-UC11/2020,B1,EPI_ISL_413931,,2020-03-05,Strain
USA/UPHL-01/2020,,EPI_ISL_415539,,2020-03-13,Strain
USA/UPHL-03/2020,B1,EPI_ISL_415541,,2020-03-13,Strain
USA/UPHL-04/2020,B1,EPI_ISL_415542,,2020-03-13,Strain
USA/UPHL-05/2020,A2a,EPI_ISL_415543,,2020-03-13,Strain
USA/UPHL-06/2020,A2a,EPI_ISL_415544,,2020-03-13,Strain
USA/WA-S10/2020,B1,EPI_ISL_416465,,2020-02-29,Strain
USA/WA-S11/2020,B1,EPI_ISL_416466,,2020-03-03,Strain
USA/WA-S2/2020,B1,EPI_ISL_413456,,2020-02-20,Strain
USA/WA-S3/2020,B1,EPI_ISL_413560,,2020-02-28,Strain
USA/WA-S4/2020,,EPI_ISL_416459,,2020-03-01,Strain
USA/WA-S5/2020,B1,EPI_ISL_416460,,2020-02-29,Strain
USA/WA-S6/2020,B1,EPI_ISL_416461,,2020-02-29,Strain
USA/WA-S7/2020,B1,EPI_ISL_416462,,2020-02-24,Strain
USA/WA-S8/2020,B1,EPI_ISL_416463,,2020-02-24,Strain
USA/WA-S9/2020,,EPI_ISL_416464,,2020-03-01,Strain
USA/WA-UW15/2020,B1,EPI_ISL_414363,,2020-03-04,Strain
USA/WA-UW16/2020,B1,EPI_ISL_414364,,2020-03-05,Strain
USA/WA-UW17/2020,B1,EPI_ISL_414365,,2020-03-06,Strain
USA/WA-UW18/2020,B1,EPI_ISL_414366,,2020-03-05,Strain
USA/WA-UW19/2020,B1,EPI_ISL_414367,,2020-03-05,Strain
USA/WA-UW20/2020,B1,EPI_ISL_414368,,2020-03-05,Strain
USA/WA-UW21/2020,B1,EPI_ISL_414369,,2020-03-05,Strain
USA/WA-UW22/2020,A3,EPI_ISL_414591,,2020-03-06,Strain
USA/WA-UW23/2020,B1,EPI_ISL_414592,,2020-03-06,Strain
USA/WA-UW24/2020,B1,EPI_ISL_414593,,2020-03-05,Strain
USA/WA-UW25/2020,A2a,EPI_ISL_414594,,2020-03-05,Strain
USA/WA-UW26/2020,B1,EPI_ISL_414595,,2020-03-05,Strain
USA/WA-UW27/2020,B1,EPI_ISL_414596,,2020-03-04,Strain
USA/WA-UW28/2020,B1,EPI_ISL_414597,,2020-03-04,Strain
USA/WA-UW29/2020,A2a,EPI_ISL_414616,,2020-03-08,Strain
USA/WA-UW30/2020,B1,EPI_ISL_414617,,2020-03-08,Strain
USA/WA-UW31/2020,B1,EPI_ISL_414618,,2020-03-08,Strain
USA/WA-UW32/2020,B1,EPI_ISL_414619,,2020-03-07,Strain
USA/WA-UW33/2020,B1,EPI_ISL_414620,,2020-03-08,Strain
USA/WA-UW34/2020,B1,EPI_ISL_414621,,2020-03-08,Strain
USA/WA-UW35/2020,B1,EPI_ISL_414622,,2020-03-08,Strain
USA/WA-UW36/2020,B1,EPI_ISL_416453,,2020-03-07,Strain
USA/WA-UW37/2020,B1,EPI_ISL_416454,,2020-03-06,Strain
USA/WA-UW38/2020,B1,EPI_ISL_416455,,2020-03-07,Strain
USA/WA-UW39/2020,B1,EPI_ISL_416456,,2020-03-06,Strain
USA/WA-UW40/2020,,EPI_ISL_415605,,2020-03-05,Strain
USA/WA-UW41/2020,B1,EPI_ISL_415606,,2020-03-08,Strain
USA/WA-UW42/2020,B1,EPI_ISL_415607,,2020-03-09,Strain
USA/WA-UW43/2020,B1,EPI_ISL_415608,,2020-03-08,Strain
USA/WA-UW44/2020,B1,EPI_ISL_415609,,2020-03-08,Strain
USA/WA-UW45/2020,,EPI_ISL_415610,,2020-03-08,Strain
USA/WA-UW46/2020,B1,EPI_ISL_415611,,2020-03-09,Strain
USA/WA-UW47/2020,B1,EPI_ISL_415612,,2020-03-09,Strain
USA/WA-UW48/2020,,EPI_ISL_415613,,2020-03-09,Strain
USA/WA-UW49/2020,B1,EPI_ISL_415614,,2020-03-09,Strain
USA/WA-UW50/2020,B1,EPI_ISL_415615,,2020-03-08,Strain
USA/WA-UW51/2020,B1,EPI_ISL_415616,,2020-03-08,Strain
USA/WA-UW52/2020,B1,EPI_ISL_415617,,2020-03-09,Strain
USA/WA-UW53/2020,,EPI_ISL_415618,,2020-03-09,Strain
USA/WA-UW54/2020,B1,EPI_ISL_415619,,2020-03-09,Strain
USA/WA-UW55/2020,B1,EPI_ISL_415620,,2020-03-09,Strain
USA/WA-UW56/2020,B1,EPI_ISL_415621,,2020-03-09,Strain
USA/WA-UW57/2020,B1,EPI_ISL_415622,,2020-03-09,Strain
USA/WA-UW58/2020,B1,EPI_ISL_415623,,2020-03-09,Strain
USA/WA-UW59/2020,B1,EPI_ISL_415624,,2020-03-09,Strain
USA/WA-UW60/2020,A2a,EPI_ISL_415625,,2020-03-09,Strain
USA/WA-UW61/2020,B1,EPI_ISL_415626,,2020-03-10,Strain
USA/WA-UW62/2020,B1,EPI_ISL_415627,,2020-03-09,Strain
USA/WA-UW63/2020,B1,EPI_ISL_415591,,2020-03-10,Strain
USA/WA-UW64/2020,B1,EPI_ISL_415592,,2020-03-09,Strain
USA/WA-UW65/2020,,EPI_ISL_415593,,2020-03-10,Strain
USA/WA-UW66/2020,B1,EPI_ISL_415594,,2020-03-10,Strain
USA/WA-UW67/2020,B1,EPI_ISL_415595,,2020-03-09,Strain
USA/WA-UW68/2020,B1,EPI_ISL_415596,,2020-03-09,Strain
USA/WA-UW69/2020,A2a,EPI_ISL_415597,,2020-03-10,Strain
USA/WA-UW70/2020,B1,EPI_ISL_415598,,2020-03-10,Strain
USA/WA-UW71/2020,B1,EPI_ISL_415599,,2020-03-09,Strain
USA/WA-UW72/2020,B1,EPI_ISL_415600,,2020-03-09,Strain
USA/WA-UW73/2020,A2a,EPI_ISL_415601,,2020-03-10,Strain
USA/WA-UW74/2020,B1,EPI_ISL_415602,,2020-03-10,Strain
USA/WA-UW75/2020,B1,EPI_ISL_415603,,2020-03-10,Strain
USA/WA-UW76/2020,B1,EPI_ISL_415604,,2020-03-10,Strain
USA/WA-UW77/2020,B1,EPI_ISL_416433,,2020-03-10,Strain
USA/WA-UW78/2020,A2a,EPI_ISL_416434,,2020-03-10,Strain
USA/WA-UW79/2020,B1,EPI_ISL_416435,,2020-03-10,Strain
USA/WA-UW80/2020,B1,EPI_ISL_416436,,2020-03-10,Strain
USA/WA-UW81/2020,B1,EPI_ISL_416437,,2020-03-10,Strain
USA/WA-UW82/2020,A2a,EPI_ISL_416438,,2020-03-10,Strain
USA/WA-UW83/2020,B1,EPI_ISL_416439,,2020-03-10,Strain
USA/WA-UW84/2020,B1,EPI_ISL_416440,,2020-03-10,Strain
USA/WA-UW85/2020,B1,EPI_ISL_416441,,2020-03-10,Strain
USA/WA-UW86/2020,B1,EPI_ISL_416442,,2020-03-10,Strain
USA/WA-UW87/2020,B1,EPI_ISL_416443,,2020-03-10,Strain
USA/WA-UW88/2020,B1,EPI_ISL_416444,,2020-03-10,Strain
USA/WA-UW89/2020,B1,EPI_ISL_416445,,2020-03-10,Strain
USA/WA-UW90/2020,B1,EPI_ISL_416446,,2020-03-10,Strain
USA/WA-UW91/2020,B1,EPI_ISL_416447,,2020-03-10,Strain
USA/WA-UW92/2020,B1,EPI_ISL_416448,,2020-03-11,Strain
USA/WA-UW93/2020,,EPI_ISL_416449,,2020-03-11,Strain
USA/WA-UW94/2020,B1,EPI_ISL_416450,,2020-03-11,Strain
USA/WA-UW95/2020,B1,EPI_ISL_416451,,2020-03-10,Strain
USA/WA-UW96/2020,A2a,EPI_ISL_416452,,2020-03-10,Strain
USA/WA1-A12/2020,,EPI_ISL_407214,MT020880,2020-01-25,Strain
USA/WA1-F6/2020,,EPI_ISL_407215,MT020881,2020-01-25,Strain
USA/WA1/2020,B1,EPI_ISL_404895,MN985325,2020-01-19,Strain
USA/WA11-UW7/2020,,EPI_ISL_413562,,2020-03-02,Strain
USA/WA12-UW8/2020,B1,EPI_ISL_413563,,2020-03-03,Strain
USA/WA13-UW9/2020,B1,EPI_ISL_413601,,2020-03-02,Strain
USA/WA14-UW10/2020,B1,EPI_ISL_413649,,2020-03-05,Strain
USA/WA15-UW11/2020,B1,EPI_ISL_413650,,2020-03-05,Strain
USA/WA16-UW12/2020,B1,EPI_ISL_413651,,2020-03-05,Strain
USA/WA17-UW13/2020,B1,EPI_ISL_413652,,2020-03-05,Strain
USA/WA18-UW14/2020,B1,EPI_ISL_413653,,2020-03-05,Strain
USA/WA2/2020,B1,EPI_ISL_412970,,2020-02-24,Strain
USA/WA3-UW1/2020,A1a,EPI_ISL_413025,MT163716,2020-02-27,Strain
USA/WA4-UW2/2020,B1,EPI_ISL_413455,MT163717,2020-02-28,Strain
USA/WA6-UW3/2020,B1,EPI_ISL_413457,MT163718,2020-02-29,Strain
USA/WA7-UW4/2020,B1,EPI_ISL_413458,MT163719,2020-03-01,Strain
USA/WA8-UW5/2020,B1,EPI_ISL_413486,,2020-03-01,Strain
USA/WA9-UW6/2020,B1,EPI_ISL_413487,,2020-03-01,Strain
USA/WI1/2020,,EPI_ISL_408670,MT039887,2020-01-31,Strain
Vietnam/38142/2020,B,EPI_ISL_416427,,2020-01-24,Strain
Vietnam/39607/2020,A2a,EPI_ISL_416428,,2020-03-07,Strain
Vietnam/CM295/2020,A2a,EPI_ISL_416430,,2020-03-06,Strain
Vietnam/CM296/2020,A2a,EPI_ISL_416431,,2020-03-06,Strain
Vietnam/CM99/2020,B,EPI_ISL_416429,,2020-02-11,Strain
Vietnam/VR03-38142/2020,B,EPI_ISL_408668,,2020-01-24,Strain
Wales/PHW03/2020,A2a,EPI_ISL_414486,,2020-03-07,Strain
Wales/PHW04/2020,A2a,EPI_ISL_415041,,2020-03-07,Strain
Wales/PHW05/2020,A2a,EPI_ISL_414488,,2020-03-08,Strain
Wales/PHW06/2020,A2a,EPI_ISL_415435,,2020-03-06,Strain
Wales/PHW07/2020,A2a,EPI_ISL_415977,,2020-03-08,Strain
Wales/PHW09/2020,A2a,EPI_ISL_415978,,2020-03-08,Strain
Wales/PHW1/2020,A2a,EPI_ISL_413555,,2020-02-27,Strain
Wales/PHW10/2020,A2a,EPI_ISL_415453,,2020-03-10,Strain
Wales/PHW12/2020,A2a,EPI_ISL_415536,,2020-03-10,Strain
Wales/PHW13/2020,A2a,EPI_ISL_415537,,2020-03-08,Strain
Wales/PHW17/2020,A2a,EPI_ISL_416027,,2020-03-09,Strain
Wales/PHW18/2020,A2a,EPI_ISL_415991,,2020-03-09,Strain
Wales/PHW2/2020,A2a,EPI_ISL_413556,,2020-03-04,Strain
Wales/PHW21/2020,A2a,EPI_ISL_416026,,2020-03-11,Strain
Wales/PHW25/2020,A2a,EPI_ISL_415916,,2020-03-11,Strain
Wales/PHW26/2020,,EPI_ISL_415918,,2020-03-11,Strain
Wales/PHW27/2020,A2a,EPI_ISL_415655,,2020-03-12,Strain
Wales/PHW28/2020,,EPI_ISL_415659,,2020-03-12,Strain
Wales/PHW29/2020,,EPI_ISL_415919,,2020-03-11,Strain
Wales/PHW32/2020,,EPI_ISL_415920,,2020-03-12,Strain
Wales/PHW33/2020,A2a,EPI_ISL_415656,,2020-03-12,Strain
Wales/PHW35/2020,,EPI_ISL_416024,,2020-03-11,Strain
Wales/PHW37/2020,,EPI_ISL_415657,,2020-03-12,Strain
Wales/PHW38/2020,,EPI_ISL_415538,,2020-03-12,Strain
Wuhan-Hu-1/2019,,EPI_ISL_402125,MN908947,2019-12-26,Strain
Wuhan/HBCDC-HB-01/2019,,EPI_ISL_402132,,2019-12-30,Strain
Wuhan/HBCDC-HB-02/2019,,EPI_ISL_412898,,2019-12-30,Strain
Wuhan/HBCDC-HB-02/2020,B,EPI_ISL_412978,,2020-01-17,Strain
Wuhan/HBCDC-HB-03/2019,,EPI_ISL_412899,,2019-12-30,Strain
Wuhan/HBCDC-HB-03/2020,B,EPI_ISL_412979,,2020-01-18,Strain
Wuhan/HBCDC-HB-04/2019,,EPI_ISL_412900,,2019-12-30,Strain
Wuhan/HBCDC-HB-04/2020,B,EPI_ISL_412980,,2020-01-18,Strain
Wuhan/HBCDC-HB-05/2020,A3,EPI_ISL_412981,,2020-01-18,Strain
Wuhan/HBCDC-HB-06/2020,B,EPI_ISL_412982,,2020-02-07,Strain
Wuhan/IPBCAMS-WH-01/2019,,EPI_ISL_402123,MT019529,2019-12-24,Strain
Wuhan/IPBCAMS-WH-02/2019,,EPI_ISL_403931,MT019530,2019-12-30,Strain
Wuhan/IPBCAMS-WH-03/2019,,EPI_ISL_403930,MT019531,2019-12-30,Strain
Wuhan/IPBCAMS-WH-04/2019,,EPI_ISL_403929,MT019532,2019-12-30,Strain
Wuhan/IPBCAMS-WH-05/2020,,EPI_ISL_403928,MT019533,2020-01-01,Strain
Wuhan/IVDC-HB-01/2019,,EPI_ISL_402119,,2019-12-30,Strain
Wuhan/IVDC-HB-04/2020,,EPI_ISL_402120,,2020-01-01,Strain
Wuhan/IVDC-HB-05/2019,,EPI_ISL_402121,,2019-12-30,Strain
Wuhan/IVDC-HB-envF13-20/2020,,EPI_ISL_408514,,2020-01-01,Strain
Wuhan/IVDC-HB-envF13-21/2020,,EPI_ISL_408515,,2020-01-01,Strain
Wuhan/IVDC-HB-envF13/2020,,EPI_ISL_408511,,2020-01-01,Strain
Wuhan/IVDC-HB-envF54/2020,,EPI_ISL_408512,,2020-01-01,Strain
Wuhan/WH01/2019,,EPI_ISL_406798,LR757998,2019-12-26,Strain
Wuhan/WH02/2019,,EPI_ISL_406799,LR757997,2019-12-31,Strain
Wuhan/WH03/2020,,EPI_ISL_406800,LR757996,2020-01-01,Strain
Wuhan/WH04/2020,B,EPI_ISL_406801,LR757995,2020-01-05,Strain
Wuhan/WH05/2020,A1a,EPI_ISL_408978,,2020-02-07,Strain
Wuhan/WIV02/2019,,EPI_ISL_402127,MN996527,2019-12-30,Strain
Wuhan/WIV04/2019,,EPI_ISL_402124,MN996528,2019-12-30,Strain
Wuhan/WIV05/2019,,EPI_ISL_402128,MN996529,2019-12-30,Strain
Wuhan/WIV06/2019,,EPI_ISL_402129,MN996530,2019-12-30,Strain
Wuhan/WIV07/2019,,EPI_ISL_402130,MN996531,2019-12-30,Strain
Yunnan/IVDC-YN-003/2020,B,EPI_ISL_408480,MT049951,2020-01-17,Strain
Zhejiang/WZ-01/2020,,EPI_ISL_404227,,2020-01-16,Strain
Zhejiang/WZ-02/2020,,EPI_ISL_404228,,2020-01-17,Strain
bat/Yunnan/RaTG13/2013,,EPI_ISL_402131,,2013-07-24,Strain
canine/HongKong/20-02756/2020,,EPI_ISL_414518,,2020-02-26,Strain
pangolin/China/MP789/2019,,EPI_ISL_412860,,2019-03-19,Strain
pangolin/Guangdong/1/2019,,EPI_ISL_410721,,2019,Strain
pangolin/Guangdong/P2S/2019,,EPI_ISL_410544,,2019,Strain
pangolin/Guangxi/P1E/2017,,EPI_ISL_410539,,2017,Strain
pangolin/Guangxi/P2V/2017,,EPI_ISL_410542,,2017,Strain
pangolin/Guangxi/P3B/2017,,EPI_ISL_410543,,2017,Strain
pangolin/Guangxi/P4L/2017,,EPI_ISL_410538,,2017,Strain
pangolin/Guangxi/P5E/2017,,EPI_ISL_410541,,2017,Strain
pangolin/Guangxi/P5L/2017,,EPI_ISL_410540,,2017,Strain
